domain,complaints
brighthire1958.com,41
recruitworkforce9584.com,4
smartsolutions824.com,45
nextservices2909.com,5
quicktalent7403.com,6
globalgroup7556.com,20
procareers5799.com,17
securerecruitment5558.com,13
recruitagency6619.com,25
rapidjobs1734.com,5
careergroup6385.com,10
nextservices8755.com,23
trustedjobs6037.com,6
rapidcareers6847.com,18
digitalnetwork3063.com,15
trustedsolutions364.com,42
staffstaffing9251.com,15
talentworkforce6502.com,31
progroup4954.com,16
digitaltalent7075.com,17
trustedtalent502.com,12
recruitagency1389.com,20
careernetwork6422.com,21
rapidplacements3918.com,24
nexttalent2111.com,36
brightgroup5969.com,4
brightrecruitment6480.com,22
futureworkforce9250.com,13
trustedcareers4245.com,32
workgroup4357.com,28
hireconsulting2109.com,37
quicksolutions2197.com,37
futurestaffing3423.com,27
digitaljobs3610.com,24
careersolutions1916.com,10
jobrecruitment1547.com,12
smartplacements3105.com,12
smarthire8450.com,15
talentstaffing269.com,13
recruitworkforce7466.com,35
nextplacements6065.com,19
jobplacements300.com,41
rapidsolutions7289.com,8
talentconsulting8688.com,47
brightplacements210.com,30
nextconsulting9898.com,38
smarttalent3004.com,10
recruitworkforce3508.com,49
proplacements6779.com,34
trustedworkforce9892.com,27
staffplacements5606.com,15
jobtalent8360.com,41
careersolutions3262.com,48
rapidsolutions7398.com,38
securegroup1744.com,43
globalservices7317.com,1
nextnetwork9399.com,14
staffcareers4714.com,27
rapidhire9107.com,17
securetalent3958.com,5
quickworkforce3050.com,30
securetalent9203.com,50
prorecruitment1688.com,44
jobrecruitment5795.com,38
securecareers9429.com,50
trustedgroup4896.com,13
globalworkforce8324.com,24
workhire275.com,36
rapidconsulting83.com,9
pronetwork6313.com,39
staffworkforce2276.com,47
proservices3813.com,49
brightservices7442.com,33
pronetwork9187.com,25
brightjobs8289.com,26
quickagency5345.com,36
hireworkforce9000.com,42
jobtalent8256.com,22
staffsolutions4131.com,3
hirerecruitment5843.com,45
rapidcareers434.com,28
futuregroup820.com,1
jobagency5147.com,19
globalconsulting5237.com,23
hirehire7972.com,47
talentconsulting7217.com,10
recruitnetwork2231.com,38
talentstaffing8470.com,32
nexttalent8602.com,47
nextconsulting3306.com,28
globalcareers4310.com,8
elitejobs4581.com,13
secureservices347.com,23
smartsolutions2437.com,2
primesolutions3071.com,43
jobplacements7624.com,34
nexttalent6340.com,18
futuresolutions3428.com,15
proagency9934.com,9
hirehire2050.com,24
careerrecruitment9519.com,48
secureagency7239.com,26
securesolutions2232.com,18
recruitstaffing6991.com,2
primerecruitment6891.com,39
primerecruitment499.com,37
jobconsulting3184.com,28
elitecareers9485.com,41
quickcareers9460.com,7
securegroup8882.com,29
digitaljobs2978.com,22
staffworkforce1648.com,20
primehire2242.com,23
primenetwork4884.com,25
smarthire1896.com,30
brightsolutions1048.com,42
quickstaffing7726.com,30
globaljobs3372.com,3
smartsolutions6394.com,17
recruitcareers3959.com,17
talentrecruitment9844.com,21
careersolutions1860.com,47
globalagency6570.com,25
primeplacements3570.com,15
quickhire5493.com,24
trustedtalent6088.com,17
secureplacements9972.com,49
digitalgroup6959.com,50
talentplacements7358.com,14
quickagency8758.com,33
elitehire8655.com,5
digitalworkforce7663.com,11
securestaffing6147.com,18
digitalconsulting1097.com,40
careerstaffing55.com,19
prosolutions7276.com,11
recruitcareers8579.com,16
elitejobs2757.com,40
futureworkforce7049.com,25
globalhire1094.com,11
workworkforce3426.com,46
recruitplacements7978.com,4
careerconsulting3789.com,12
workgroup7547.com,34
rapidagency2395.com,44
primeagency4405.com,36
workplacements3342.com,16
globalconsulting5486.com,40
brightstaffing7512.com,38
hireservices7831.com,11
careernetwork5695.com,48
primenetwork9278.com,4
careerconsulting350.com,37
digitalstaffing2227.com,23
jobnetwork7169.com,1
trustedcareers8854.com,18
brightagency6476.com,31
rapidrecruitment1055.com,15
staffstaffing6750.com,10
proconsulting5955.com,24
elitejobs808.com,42
nextstaffing6182.com,47
worksolutions6777.com,29
securestaffing2538.com,24
recruitplacements6231.com,38
primenetwork4601.com,21
digitalplacements5424.com,43
nextsolutions3973.com,32
nexttalent5358.com,30
rapidjobs1044.com,34
digitalagency6051.com,1
secureworkforce2257.com,22
digitaltalent8837.com,24
nexthire1087.com,33
jobgroup9740.com,12
secureconsulting9280.com,46
jobnetwork9862.com,49
rapidtalent5534.com,25
talentservices1186.com,44
globalhire4593.com,24
trustedsolutions7778.com,49
recruitgroup3905.com,43
rapidplacements9770.com,40
brighthire6458.com,30
staffgroup2447.com,24
talentgroup9619.com,37
quickcareers3856.com,37
globalworkforce8180.com,47
eliteagency4733.com,41
jobtalent2405.com,44
brightconsulting5656.com,32
quickstaffing2274.com,25
futurestaffing4737.com,15
prorecruitment7332.com,41
digitalplacements3969.com,10
talentplacements2278.com,47
rapidagency5653.com,45
staffjobs4246.com,48
quickservices461.com,15
talentstaffing8922.com,15
elitenetwork6929.com,13
talentagency4523.com,45
jobtalent9092.com,23
smartsolutions5898.com,44
elitetalent881.com,42
workconsulting1131.com,7
nexttalent6426.com,34
trustedtalent118.com,20
trustednetwork6562.com,32
quickhire4108.com,25
secureagency3527.com,9
digitalstaffing2613.com,46
futureworkforce8280.com,24
workconsulting4660.com,37
staffworkforce1805.com,17
brightconsulting9005.com,7
futureworkforce2910.com,31
hiretalent8871.com,11
primehire4309.com,8
jobworkforce7059.com,20
prosolutions7099.com,36
brightrecruitment5815.com,8
rapidhire9204.com,26
nexthire2359.com,33
elitehire3419.com,28
recruitstaffing5991.com,47
globalcareers6116.com,16
secureconsulting2475.com,38
hirestaffing5226.com,39
proservices579.com,43
stafftalent7466.com,44
securerecruitment9123.com,1
workhire4985.com,16
securegroup5206.com,9
brighthire3456.com,5
progroup5637.com,31
jobconsulting899.com,8
futureconsulting1474.com,50
jobagency9238.com,26
trustedrecruitment2763.com,29
globalconsulting7889.com,17
rapidrecruitment6104.com,24
trustedhire7674.com,30
securejobs1690.com,49
brightgroup9150.com,37
worktalent5437.com,39
primenetwork8659.com,48
worksolutions9051.com,8
secureworkforce6212.com,39
trustedstaffing5123.com,49
careernetwork5955.com,12
hirerecruitment6073.com,33
talentgroup9740.com,5
proworkforce9738.com,42
digitalrecruitment2881.com,31
talentsolutions780.com,46
digitalrecruitment7200.com,24
talentplacements5924.com,13
talentconsulting3392.com,48
workconsulting4449.com,22
primesolutions9882.com,36
talentstaffing7.com,50
jobservices3170.com,30
careerservices2061.com,14
hirenetwork3490.com,50
futureplacements5190.com,13
hireservices2847.com,34
futureservices729.com,38
stafftalent9141.com,28
elitetalent7336.com,38
careerplacements4472.com,31
nextjobs9762.com,12
jobconsulting728.com,37
eliteservices1224.com,41
smarttalent9688.com,11
jobagency6434.com,31
rapidtalent7938.com,32
recruittalent9493.com,15
nextsolutions2290.com,20
hirehire8642.com,21
nextstaffing7405.com,24
futurerecruitment8741.com,24
careerservices8632.com,42
digitalgroup5691.com,34
talentworkforce4293.com,2
futurestaffing6562.com,10
talentgroup2662.com,38
jobplacements2593.com,12
workjobs2202.com,34
hiregroup763.com,16
careerrecruitment5289.com,7
recruitsolutions9337.com,9
worknetwork4504.com,44
trustedcareers4630.com,26
secureworkforce2020.com,45
staffconsulting9118.com,28
jobtalent3223.com,7
futuretalent7002.com,4
digitalsolutions2782.com,45
hiresolutions2253.com,35
staffhire9316.com,45
workservices9569.com,45
brightjobs9246.com,41
jobnetwork6237.com,50
talentgroup8414.com,46
recruitworkforce4676.com,47
globalworkforce4324.com,17
elitecareers1671.com,30
globalhire8469.com,7
careercareers2759.com,45
smarthire8456.com,36
elitestaffing4918.com,23
careerconsulting6987.com,43
nextnetwork3639.com,30
jobnetwork2163.com,3
proservices9607.com,5
rapidjobs7795.com,47
talentworkforce8296.com,2
brightworkforce9459.com,42
securestaffing5320.com,19
quickhire879.com,10
staffworkforce3843.com,4
rapidsolutions15.com,36
quickcareers9514.com,47
nextsolutions1370.com,32
rapidstaffing9541.com,29
nextconsulting9897.com,17
jobtalent5499.com,4
futurehire7701.com,32
smartplacements9903.com,32
talentconsulting8978.com,23
careerstaffing2186.com,49
globalagency1213.com,29
futureplacements8461.com,1
workplacements2098.com,16
eliterecruitment7083.com,24
nextservices8879.com,24
digitalstaffing8882.com,27
secureconsulting1322.com,24
worknetwork9687.com,48
talentstaffing5564.com,38
eliteplacements724.com,50
trustedworkforce4828.com,43
brightconsulting4544.com,10
nextrecruitment6877.com,1
quickstaffing6154.com,7
nextcareers9369.com,11
trustedrecruitment9718.com,22
elitegroup7414.com,10
smarthire2213.com,35
jobworkforce3915.com,21
proplacements7073.com,9
worksolutions183.com,38
hiregroup6461.com,6
talentgroup7633.com,26
staffnetwork5858.com,4
recruithire5227.com,42
jobhire9678.com,33
hirehire1008.com,50
globalworkforce6454.com,11
hirestaffing7394.com,43
eliteservices8134.com,21
globalagency1913.com,35
staffworkforce9897.com,50
smartstaffing4732.com,50
careerjobs6005.com,48
brightgroup5422.com,12
recruitplacements1613.com,4
brightjobs192.com,7
globalworkforce3866.com,29
hireplacements7775.com,10
elitesolutions4492.com,5
smartagency9449.com,11
brighthire3475.com,21
talentcareers4493.com,11
nexthire8727.com,14
proplacements7806.com,31
secureplacements9737.com,45
recruitrecruitment7403.com,38
quickworkforce9486.com,33
nextworkforce2971.com,20
staffstaffing4238.com,44
smartplacements4489.com,12
workstaffing3329.com,28
trustedsolutions6258.com,3
globaltalent9318.com,17
jobconsulting205.com,29
jobjobs3142.com,6
trustednetwork7978.com,30
globalnetwork4412.com,35
rapidsolutions7400.com,49
recruitplacements3289.com,31
nextstaffing5167.com,24
nextcareers8840.com,9
digitaltalent2431.com,20
elitegroup3400.com,47
nextagency2260.com,34
eliteconsulting8997.com,22
staffstaffing8857.com,42
primegroup1188.com,44
staffsolutions2698.com,25
recruitsolutions5704.com,10
globalcareers2634.com,12
rapidworkforce3493.com,39
primesolutions2754.com,25
recruithire3382.com,24
secureconsulting4680.com,43
rapidservices9826.com,35
quickcareers4444.com,48
smarttalent261.com,6
primeconsulting9204.com,4
careerplacements7611.com,2
smartcareers3330.com,34
rapidagency9536.com,49
rapidsolutions3814.com,18
careersolutions7454.com,9
futurecareers3189.com,35
jobconsulting2764.com,16
trustedtalent9656.com,6
quickstaffing1611.com,29
primecareers7374.com,21
talentplacements4370.com,30
globalrecruitment355.com,27
futureconsulting3127.com,27
talenttalent433.com,12
jobservices2260.com,18
worknetwork8636.com,16
hirecareers9817.com,11
securejobs4575.com,12
nextjobs3557.com,19
elitecareers221.com,3
digitalconsulting8834.com,37
proagency7156.com,19
globalplacements8243.com,50
quickstaffing3106.com,7
jobservices86.com,2
recruittalent2774.com,20
brightcareers3970.com,17
trustedrecruitment7880.com,4
talentrecruitment5563.com,30
hirehire1925.com,47
trustedcareers2697.com,11
nextcareers4407.com,5
eliteplacements7261.com,42
globalagency2834.com,29
workhire7351.com,41
jobhire7159.com,28
talentjobs4283.com,26
futureagency5568.com,34
proservices1267.com,2
rapidconsulting7344.com,27
workrecruitment3658.com,13
careerhire6475.com,18
brighttalent6921.com,21
primeplacements6940.com,23
prorecruitment3358.com,6
careerconsulting8823.com,7
recruitjobs8583.com,17
trustedplacements2838.com,10
hireplacements7831.com,6
brightplacements444.com,48
securecareers7640.com,1
careerplacements5686.com,33
staffworkforce3731.com,41
staffservices9842.com,25
careerstaffing4365.com,24
workhire4863.com,19
prostaffing5819.com,23
quickservices6353.com,28
primerecruitment6989.com,21
primeagency8731.com,50
jobjobs526.com,17
secureconsulting1638.com,31
smartcareers2975.com,19
staffworkforce1398.com,16
jobtalent3664.com,11
securenetwork7572.com,25
smartservices4272.com,43
workhire7271.com,49
workstaffing4702.com,40
trustedsolutions5504.com,48
elitenetwork1394.com,32
primejobs8437.com,44
elitecareers3246.com,38
nexthire1243.com,8
globalhire1093.com,37
smartrecruitment8269.com,33
talentrecruitment2328.com,27
eliteworkforce7544.com,48
careernetwork7031.com,7
jobnetwork825.com,19
digitalplacements6899.com,17
globalagency459.com,1
worksolutions2500.com,47
globalhire6577.com,32
workstaffing3797.com,49
nextplacements6401.com,45
trustedcareers2781.com,31
futureconsulting8760.com,10
staffworkforce8020.com,46
nextservices1894.com,35
jobsolutions2821.com,40
workstaffing9092.com,20
talenttalent904.com,12
recruitstaffing9210.com,28
staffhire5811.com,30
smartsolutions1914.com,2
quickhire5767.com,48
jobgroup4971.com,22
workagency1892.com,25
primeworkforce8178.com,27
brightplacements9241.com,35
recruitgroup9036.com,14
hirerecruitment6869.com,46
trustedconsulting6415.com,32
rapidplacements4910.com,41
quickgroup7831.com,13
recruitworkforce1780.com,42
staffgroup9931.com,10
quickcareers7409.com,47
nextrecruitment4225.com,26
smartstaffing371.com,42
workagency3900.com,4
trustedhire8820.com,5
trustedgroup9519.com,18
talentjobs2660.com,32
quicknetwork161.com,22
digitalgroup7791.com,46
brightjobs1236.com,27
futureplacements4292.com,35
quickworkforce8602.com,8
trustedhire4115.com,12
rapidstaffing2991.com,39
hirehire3220.com,35
futureagency1477.com,36
proconsulting4529.com,49
hirerecruitment4988.com,26
quickcareers1952.com,46
staffsolutions3505.com,40
globalcareers5659.com,5
careerhire398.com,35
nextjobs1213.com,21
globaljobs7905.com,11
hirenetwork8885.com,16
primenetwork8551.com,15
quickservices5902.com,9
talentworkforce1974.com,48
globaltalent8372.com,5
globalworkforce1928.com,26
futurenetwork1891.com,26
primerecruitment3377.com,28
careertalent4611.com,48
globalagency1178.com,49
rapidcareers6363.com,5
secureconsulting2390.com,32
talentsolutions8120.com,12
nextstaffing7010.com,42
workagency9308.com,5
hireplacements1416.com,49
rapidjobs880.com,16
trustedhire2760.com,5
staffconsulting893.com,33
futurerecruitment7819.com,4
elitecareers4974.com,44
primeconsulting994.com,48
digitalcareers5212.com,6
eliteworkforce6467.com,39
careernetwork2266.com,27
globalstaffing7073.com,23
talenttalent4325.com,49
workjobs3625.com,26
rapidstaffing8181.com,47
digitalhire3397.com,17
futureagency9815.com,30
recruitcareers6745.com,9
hiretalent5978.com,40
jobconsulting1823.com,49
worknetwork9658.com,46
staffgroup7077.com,37
smartrecruitment9429.com,30
globalcareers1391.com,22
jobhire3355.com,44
recruitstaffing2551.com,45
rapidplacements6468.com,42
proworkforce3316.com,10
rapidnetwork6353.com,1
securestaffing7445.com,21
quickservices825.com,12
secureconsulting4896.com,27
securehire4930.com,37
smartcareers6157.com,4
brightconsulting8102.com,13
globaljobs8651.com,41
stafftalent3037.com,31
elitecareers5284.com,49
hirecareers8636.com,37
talentgroup7339.com,19
securecareers2146.com,30
globalservices3026.com,48
brightservices9446.com,20
securenetwork926.com,11
rapidnetwork3003.com,22
futurestaffing905.com,46
brightnetwork687.com,8
elitesolutions1891.com,9
trustedtalent2814.com,7
primeplacements8477.com,30
workservices5019.com,17
trustedconsulting7337.com,31
globalagency5101.com,50
globalhire4659.com,15
digitaljobs9859.com,46
globalhire2082.com,7
smartnetwork2322.com,33
quickplacements1852.com,42
globaljobs1501.com,6
elitetalent6099.com,36
nextservices1874.com,5
careercareers3519.com,29
talentworkforce8280.com,6
brightrecruitment8424.com,22
jobsolutions653.com,31
nextjobs7094.com,38
staffplacements4566.com,31
recruitgroup2065.com,29
securerecruitment7808.com,6
primejobs2714.com,4
talentrecruitment2791.com,42
rapidnetwork2629.com,48
globaltalent2637.com,12
jobcareers9514.com,46
nextcareers4828.com,18
digitalplacements3918.com,35
rapidstaffing320.com,29
smartservices8150.com,26
rapidworkforce839.com,30
talentrecruitment6705.com,12
futureservices9375.com,38
rapidservices3348.com,38
hirestaffing9065.com,11
recruittalent7285.com,44
quickworkforce9032.com,46
talentplacements2031.com,34
quickagency6744.com,31
futureagency6240.com,22
talenttalent6441.com,18
hirestaffing336.com,14
digitalplacements997.com,23
rapidrecruitment4611.com,1
elitetalent4026.com,27
careeragency5653.com,22
trustedsolutions824.com,14
rapidcareers3798.com,17
talentservices6850.com,26
trustedjobs402.com,9
workstaffing2761.com,30
primehire1605.com,18
recruittalent1640.com,34
rapidconsulting8317.com,9
elitestaffing7950.com,23
digitalstaffing7903.com,30
securestaffing7679.com,34
futuresolutions6599.com,25
primeconsulting6018.com,20
recruitconsulting2964.com,34
digitaltalent1603.com,47
careerconsulting7780.com,28
staffcareers2877.com,4
staffsolutions2086.com,2
nextservices6830.com,19
jobhire653.com,28
smartstaffing5818.com,18
futuresolutions2055.com,27
jobagency8901.com,21
workgroup1761.com,12
staffstaffing9757.com,41
primestaffing2434.com,36
nextstaffing2211.com,36
elitesolutions2470.com,22
workservices3582.com,45
primeworkforce9843.com,37
workplacements5821.com,41
recruitcareers42.com,43
smarttalent1038.com,34
globalnetwork9813.com,49
recruitjobs1788.com,11
trustedtalent1896.com,18
trustedstaffing1459.com,34
securecareers7044.com,2
digitalrecruitment2040.com,33
proservices7824.com,32
nextstaffing8997.com,17
nextworkforce3532.com,6
nextcareers6611.com,49
securerecruitment8117.com,21
workplacements8981.com,29
securetalent8308.com,49
careerplacements6531.com,47
globalcareers7000.com,8
securehire1493.com,41
futurehire272.com,6
brightrecruitment3531.com,40
workgroup1429.com,39
brightworkforce6111.com,28
securecareers1539.com,26
hiresolutions7587.com,42
futureplacements3129.com,4
digitalhire3815.com,18
hirecareers1677.com,33
jobcareers175.com,27
securecareers9523.com,18
smartgroup9755.com,29
digitalconsulting1382.com,17
globalsolutions9195.com,45
proconsulting2035.com,28
futuretalent3669.com,35
futurehire729.com,11
nextrecruitment2001.com,13
digitalgroup7151.com,27
rapidworkforce8021.com,36
careerjobs7802.com,49
workgroup8214.com,50
talentservices4628.com,30
trustednetwork1751.com,2
rapidstaffing4747.com,22
globalrecruitment6878.com,9
jobsolutions4602.com,35
quickplacements2854.com,13
recruitplacements555.com,16
careernetwork994.com,48
talentstaffing580.com,15
prorecruitment388.com,47
talentservices4439.com,10
trustedhire7408.com,37
brightservices1374.com,13
workhire1535.com,40
hirejobs3500.com,30
brightagency9514.com,11
trustednetwork7421.com,47
recruittalent2886.com,37
smartconsulting1531.com,30
recruitworkforce137.com,39
trustedsolutions5523.com,28
talentstaffing5779.com,7
trustedagency4390.com,42
elitegroup2987.com,35
recruitconsulting4098.com,28
primeconsulting8492.com,39
digitalagency9140.com,4
globalgroup8853.com,50
trustedcareers5700.com,50
hirecareers8438.com,12
jobjobs8506.com,16
eliteworkforce6646.com,10
smartstaffing3006.com,1
staffagency2559.com,38
primetalent6528.com,32
primestaffing564.com,24
futuretalent5223.com,6
staffworkforce9121.com,20
talenthire1063.com,4
nextgroup104.com,47
careerworkforce5835.com,6
nextnetwork4311.com,28
jobsolutions7028.com,39
talentrecruitment3380.com,19
digitalnetwork9747.com,21
digitalworkforce8111.com,25
jobgroup1232.com,34
careerstaffing1659.com,21
recruitjobs5295.com,34
jobplacements1341.com,49
workconsulting4868.com,7
rapidstaffing7142.com,14
globalservices4212.com,21
jobjobs4459.com,38
hireworkforce8295.com,16
brightjobs3093.com,32
secureservices5624.com,31
nextworkforce9253.com,41
futureworkforce7277.com,44
talentconsulting6455.com,32
digitalworkforce6735.com,19
jobworkforce1332.com,18
staffcareers7541.com,8
jobworkforce5034.com,18
securehire5204.com,27
hirerecruitment3390.com,10
rapidstaffing3911.com,11
securegroup2011.com,15
trustedjobs6300.com,24
globalcareers3711.com,31
recruitconsulting3723.com,10
careerstaffing2037.com,2
smartrecruitment7903.com,40
primeconsulting4633.com,31
globalgroup6595.com,28
smartjobs936.com,31
jobstaffing9046.com,28
careerworkforce7244.com,3
jobrecruitment7151.com,8
worknetwork7078.com,31
globalrecruitment938.com,22
careerworkforce5406.com,14
jobsolutions2246.com,27
primetalent6141.com,32
jobservices288.com,30
globalcareers7227.com,46
nextjobs2116.com,2
hireconsulting5520.com,15
brightworkforce8901.com,42
workrecruitment3322.com,43
trustedtalent9983.com,2
globalnetwork6116.com,42
careernetwork6357.com,47
careerstaffing3646.com,25
smartgroup8405.com,20
hireplacements7428.com,26
nextplacements6727.com,32
recruithire3180.com,17
rapidhire2339.com,32
nextagency4953.com,11
staffcareers9423.com,35
elitegroup6150.com,4
primeplacements7477.com,44
proservices6068.com,6
smarttalent8172.com,49
securetalent1631.com,44
globalstaffing6710.com,23
staffstaffing7575.com,15
primecareers9394.com,1
trustednetwork9668.com,5
securesolutions9984.com,5
nextrecruitment6976.com,33
talentservices5177.com,21
careerplacements8048.com,3
globalworkforce9671.com,27
hirerecruitment6768.com,31
recruitsolutions3969.com,45
nextcareers8105.com,6
rapidworkforce4638.com,28
hiregroup1319.com,22
globalconsulting29.com,33
jobsolutions2315.com,50
proagency6464.com,48
elitehire1077.com,26
jobhire2644.com,28
trustedconsulting6897.com,2
protalent7933.com,38
nextstaffing5335.com,10
futureworkforce2645.com,13
futuretalent9612.com,3
careerstaffing4086.com,14
smartnetwork4402.com,35
talenthire5520.com,38
hiregroup2177.com,23
securehire7206.com,32
globalconsulting3278.com,33
primeconsulting1729.com,46
globaltalent9283.com,25
futureservices4488.com,2
elitetalent4946.com,26
primestaffing2280.com,48
staffservices9699.com,26
careerconsulting7754.com,8
jobrecruitment9621.com,9
workhire279.com,38
procareers2146.com,31
nextjobs2772.com,4
talentagency4038.com,14
quicknetwork2563.com,25
smartcareers858.com,10
proplacements4415.com,1
staffsolutions3396.com,35
talentplacements7304.com,39
nextworkforce2789.com,22
hiresolutions3218.com,33
recruitjobs5294.com,23
worktalent9673.com,12
staffstaffing7351.com,50
primesolutions4080.com,41
globalplacements9355.com,26
talenttalent2738.com,10
rapidcareers5920.com,2
globalservices2132.com,2
elitenetwork4279.com,41
smartrecruitment8213.com,2
talentcareers9105.com,18
trustedworkforce6306.com,1
trustedhire9220.com,4
rapidjobs5769.com,7
hireplacements3157.com,1
recruitconsulting7729.com,26
jobnetwork2742.com,36
globalstaffing3728.com,39
rapidjobs6269.com,31
securehire7133.com,16
futuregroup422.com,15
stafftalent9603.com,4
securehire5297.com,3
nextplacements6139.com,21
globalagency1877.com,1
globalplacements4010.com,8
digitaltalent5158.com,22
trustednetwork8678.com,29
primeconsulting2404.com,43
primeagency5818.com,13
securegroup474.com,45
talentjobs2734.com,30
futurejobs5156.com,19
securesolutions9563.com,1
secureplacements2157.com,24
recruitjobs5582.com,6
hiretalent4436.com,25
careergroup6399.com,41
rapidsolutions598.com,48
securehire5321.com,40
staffworkforce7.com,32
secureconsulting1349.com,48
projobs9942.com,27
globalstaffing3020.com,25
digitalplacements3370.com,43
trustedstaffing6458.com,11
quickplacements9246.com,31
nexthire5928.com,25
globalhire2437.com,44
hireconsulting69.com,42
recruittalent3816.com,45
talentstaffing8941.com,33
futurehire1020.com,24
talentrecruitment2558.com,39
quickplacements4971.com,41
nextjobs9524.com,15
careergroup6035.com,46
smartnetwork5910.com,4
futureplacements8308.com,28
digitalstaffing7754.com,3
brightservices4910.com,4
globalnetwork5286.com,29
trustedplacements5165.com,32
careerrecruitment9150.com,26
careernetwork3044.com,3
primeservices5389.com,44
jobconsulting5967.com,46
jobrecruitment5024.com,30
rapidrecruitment3469.com,12
staffworkforce2965.com,22
digitalgroup3846.com,5
careerservices7968.com,37
primeservices9474.com,11
talentgroup5444.com,5
recruitcareers8264.com,3
nextjobs6707.com,45
rapidrecruitment733.com,47
brightjobs3403.com,29
digitalservices7307.com,33
quickworkforce2105.com,39
eliterecruitment96.com,8
brightplacements7236.com,36
globalcareers214.com,4
careernetwork6845.com,38
smartnetwork2596.com,20
careerstaffing7919.com,35
talentconsulting4986.com,44
futurejobs3271.com,8
primerecruitment197.com,11
talentcareers8905.com,44
digitalnetwork5580.com,43
hirerecruitment2539.com,12
smartservices2805.com,5
workplacements9364.com,18
brightstaffing4547.com,45
workworkforce5893.com,30
primehire2526.com,38
nextservices5871.com,38
securehire1179.com,46
hireconsulting8163.com,47
brighthire7843.com,41
nextgroup843.com,5
recruitservices2572.com,36
primestaffing7145.com,10
recruitrecruitment8921.com,24
brightcareers1070.com,33
nexttalent1456.com,1
procareers6297.com,33
proagency297.com,37
brighttalent8474.com,22
futurecareers141.com,20
careerservices4332.com,4
progroup4760.com,2
jobsolutions5299.com,10
recruittalent5012.com,4
recruittalent9794.com,9
digitalagency2349.com,9
brightnetwork8461.com,46
digitalsolutions3260.com,22
nextgroup4574.com,11
quickhire6641.com,29
procareers9251.com,24
nextservices347.com,16
careertalent2327.com,35
nextconsulting5626.com,26
digitalnetwork9029.com,15
hirenetwork4087.com,40
brightnetwork5385.com,44
talentnetwork6907.com,10
smartworkforce1609.com,31
futureagency1223.com,15
eliteworkforce3049.com,44
staffhire6912.com,32
rapidconsulting7179.com,3
smartconsulting5667.com,14
brightplacements7885.com,29
primegroup8233.com,45
secureservices5080.com,5
primejobs527.com,41
recruittalent8530.com,1
trustedhire1661.com,28
brightstaffing7160.com,44
projobs676.com,30
elitestaffing3514.com,25
globalsolutions2112.com,32
nexttalent9499.com,25
jobservices4857.com,4
nextnetwork9391.com,34
rapidsolutions8189.com,37
talentjobs390.com,43
rapidplacements1516.com,36
futurerecruitment5512.com,7
quicknetwork1537.com,40
futurecareers831.com,8
jobplacements9215.com,37
digitalworkforce6588.com,5
nextsolutions7879.com,39
primeconsulting4418.com,28
jobplacements5550.com,43
digitalservices8732.com,29
primeplacements5265.com,29
futureworkforce7650.com,4
talentsolutions8527.com,23
globalworkforce9523.com,47
futuregroup5536.com,33
talentplacements9225.com,35
jobagency7256.com,21
quickstaffing5142.com,18
nextcareers813.com,7
brighthire4826.com,46
smartstaffing3688.com,35
futurenetwork7145.com,10
futureplacements6815.com,46
elitesolutions4625.com,44
proconsulting8284.com,34
primeservices5730.com,29
recruithire2693.com,6
trustedgroup9217.com,2
jobtalent131.com,48
futurerecruitment8226.com,28
primerecruitment9433.com,20
brightworkforce4839.com,49
staffservices5299.com,45
staffnetwork8683.com,14
brighttalent4159.com,41
smartplacements4684.com,38
talentcareers3366.com,31
digitalstaffing4860.com,30
careertalent2299.com,7
smartcareers2780.com,38
careersolutions6195.com,5
jobsolutions5027.com,7
elitetalent8650.com,7
brightrecruitment667.com,26
hireconsulting4370.com,19
futurestaffing9545.com,24
careernetwork105.com,39
workagency8972.com,17
talentservices4122.com,46
careerworkforce1053.com,38
digitaljobs8846.com,19
digitalagency6355.com,2
trustedsolutions1241.com,22
hireplacements2694.com,33
rapidtalent518.com,36
jobhire6934.com,14
pronetwork7861.com,42
smartplacements9289.com,30
rapidcareers2229.com,18
brightplacements6074.com,24
primeplacements9452.com,19
hirestaffing6748.com,46
hireplacements3128.com,7
futureagency8572.com,19
staffconsulting5018.com,27
jobstaffing499.com,21
globalgroup9945.com,35
globalhire1058.com,21
quicksolutions9755.com,44
smartgroup8541.com,36
futuretalent6664.com,14
digitalrecruitment1820.com,21
rapidstaffing6053.com,17
quickworkforce1519.com,49
smarttalent6568.com,1
futurestaffing2348.com,36
progroup1756.com,35
trustedservices1979.com,7
securenetwork3014.com,46
brightcareers3213.com,13
futureplacements1371.com,5
nextjobs2398.com,9
workworkforce4784.com,47
securejobs1259.com,40
rapidnetwork3187.com,11
futurehire2517.com,11
recruitnetwork5885.com,34
quickconsulting7963.com,39
globalgroup5945.com,28
staffrecruitment79.com,27
smartrecruitment366.com,47
recruittalent7633.com,49
staffconsulting7745.com,47
recruitrecruitment7358.com,26
secureplacements2368.com,4
jobstaffing5276.com,44
quickgroup1385.com,26
trustedsolutions2715.com,24
digitaltalent3061.com,11
smartservices8900.com,18
primegroup1664.com,18
talentconsulting9017.com,1
procareers4432.com,19
recruittalent2211.com,46
smarthire6021.com,32
procareers9461.com,23
brightplacements3208.com,2
eliteplacements16.com,27
jobservices8110.com,29
elitegroup1903.com,27
talentrecruitment4268.com,49
trustedtalent9713.com,6
workservices5309.com,27
recruitagency7721.com,37
staffagency3503.com,35
hirecareers7864.com,24
secureplacements5632.com,41
talentgroup3162.com,15
secureplacements6934.com,13
jobnetwork7697.com,45
nextstaffing4463.com,4
primetalent6588.com,44
smartworkforce7469.com,25
hirecareers4239.com,9
smartplacements3295.com,11
recruittalent3163.com,22
progroup6420.com,21
futureworkforce8424.com,5
recruitplacements5830.com,11
globalstaffing1155.com,41
smartservices2233.com,40
careerjobs1050.com,19
digitalcareers6295.com,9
workcareers438.com,7
staffcareers4164.com,21
globalstaffing4610.com,20
securecareers9014.com,43
smartstaffing2923.com,31
digitalagency4632.com,5
staffjobs3404.com,19
elitecareers2289.com,24
nextrecruitment2308.com,15
futureworkforce16.com,40
elitejobs1498.com,50
smartservices1087.com,2
careerstaffing771.com,24
trustedtalent6205.com,24
primeservices7591.com,2
futureservices9207.com,1
brightgroup2070.com,41
projobs2802.com,49
digitalrecruitment5960.com,34
rapidnetwork8230.com,15
eliteservices6422.com,36
workgroup4516.com,8
securecareers1763.com,44
prostaffing6191.com,13
recruitnetwork1195.com,23
nextstaffing9367.com,26
eliteagency4695.com,34
secureplacements9671.com,18
workworkforce2480.com,25
staffworkforce5106.com,25
primehire5225.com,19
digitalnetwork2444.com,10
hiresolutions988.com,15
workjobs4165.com,11
workservices4704.com,8
staffnetwork8224.com,22
securenetwork9778.com,20
nextagency803.com,29
staffnetwork8516.com,20
talentconsulting6298.com,47
